	SUBJECTN	10.0-DseqL	11.0-DseqL	12.0-DseqL	13.0-DseqL	14.0-DseqL	15.0-DseqL	16.0-DseqL	17.0-DseqL	18.0-DseqL	19.0-DseqL	20.0-DseqL	21.0-DseqL	22.0-DseqL	23.0-DseqL	24.0-DseqL	25.0-DseqL	26.0-DseqL	27.0-DseqL	28.0-DseqL	29.0-DseqL	30.0-DseqL	31.0-DseqL	32.0-DseqL	33.0-DseqL	34.0-DseqL	35.0-DseqL	36.0-DseqL	37.0-DseqL	5.0-DseqL	6.0-DseqL	7.0-DseqL	8.0-DseqL	9.0-DseqL
30	BC_10	0.0516441498852919	0.062120825898547005	0.0655620698445068	0.062401223553403	0.0582972215141473	0.0552893193984196	0.0479225082844762	0.037445832271221	0.037165434616365	0.0299005862860056	0.0259240377262299	0.0296966607188376	0.0227886821310222	0.0233494774407341	0.0208258985470303	0.0185317359163905	0.0154728524088708	0.0110884527147591	0.0103492225337752	0.0050471577874076	0.0029569207239357603	0.00211572775936783	0.000203925567167984	7.64720876879939e-05	0.00012745347947999	2.5490695895998e-05	2.5490695895998e-05		0.04991078256436401	0.0670150395105786	0.0574050471577874	0.0519755289319398	0.0511598266632679
9	BC_11	0.0511522245538379	0.05804439481739599	0.0634349190458772	0.0616637467993762	0.059315018385537994	0.0560422001039601	0.0502281346860982	0.0411027472421693	0.0380802032997709	0.0319581079259958	0.0300521725737828	0.032131374776197	0.0253354638738617	0.024007084688985998	0.0236027953718499	0.0197331690506902	0.0160368095797316	0.0109158115626745	0.0100879810561577	0.00440867874400785	0.00248349151955028	0.0017326685020118198	7.700748897830308e-05	9.625936122287891e-05	1.92518722445758e-05	5.775561673372739e-05	3.85037444891516e-05		0.0480526731224612	0.0615289836936642	0.0544250428354157	0.0509019502146584	0.0507286833644572
37	BC_12	0.0474106854287348	0.0535265892648485	0.0625761380304801	0.0603137508390722	0.0579519180568332	0.0546453521616985	0.0491012604728638	0.0349054023817219	0.0391815627874599	0.0310021629416006	0.0263282201725381	0.0297342316585038	0.0255575168435969	0.0241404171742535	0.0271983690923104	0.0215796932103523	0.018347711508340997	0.0141709966934341	0.0108395694005917	0.0063645178131914604	0.0033811500882579603	0.0016905750441289801	0.00029833677249335		0.000223752579370012				0.0502200233697138	0.0653606145737513	0.056733709569152	0.051885737016135	0.050319468960545
0	BC_13	0.0482304359205514	0.0580015703608922	0.0657515921714601	0.0637013987844244	0.0628289760665368	0.0583650798266787	0.0531305435193532	0.0430976822636461	0.0400151219937767	0.0340826475121412	0.0269287812254631	0.0291679995347079	0.0236862767906476	0.0225666676360252	0.0221740774129758	0.0200802628900457	0.0156890685433449	0.0107453398086486	0.0101055631488644	0.00633960508331637	0.0028062930758717	0.00241370285282229	0.00030534795126065095	0.00024718643673481296	7.27018931572978e-05	5.816151452583829e-05	2.9080757262919105e-05	1.4540378631459602e-05	0.0492918835606479	0.0587722104283596	0.0515456422485241	0.0475761188821357	0.0478814668333963
5	BC_14	0.0496380742347982	0.0573567858857844	0.0634214878972735	0.0639372543439984	0.0566275988404147	0.0539064862076938	0.0499048499831042	0.0403009230440891	0.038060006758319	0.033969445284294	0.0294342575630925	0.0349120529283085	0.0277802479235954	0.0276023974247248	0.0277446778238213	0.0257883223362442	0.01890550802995	0.0146726661568286	0.0118270581748982	0.00602913191171501	0.00435733722233091	0.00289896313159158	0.000426841197289558	0.000302345848080104	0.000266775748305974	0.00010671029932239001	3.55700997741299e-05	8.892524943532471e-05	0.045476372561225	0.0535330001600655	0.0456897931598698	0.0452985220623544	0.0474149429989151
7	BC_16	0.0520129354582599	0.0647353846749676	0.0635735171665924	0.0614240622760985	0.0623341918243256	0.0542011192656997	0.04936000464747001	0.040065064580469004	0.0380898898162313	0.0304990220948471	0.0256385430181445	0.0284851184136636	0.0215526422803586	0.0195774675161209	0.0192095428051355	0.016227416200306002	0.0122189732964118	0.00805561472473422	0.00770705447222168	0.00362115373443582	0.0018589880134002102	0.00145233438546891	0.000135551209310432		1.9364458472918802e-05			1.9364458472918802e-05	0.0566797699502333	0.0662651768943281	0.0587130380898898	0.0530005228403788	0.0535620921360934
17	BC_17	0.0521501544309812	0.0624138750296983	0.0652886671418389	0.0633167023045854	0.0588976003801378	0.0528866714183892	0.0481824661439772	0.0388453314326443	0.0356616773580423	0.0310525065336184	0.0277025421715372	0.0290567830838679	0.0243050605844619	0.0229745782846282	0.0215253029223093	0.0189831313851271	0.014991684485626001	0.009836065573770491	0.00862437633642195	0.0048942741743882206	0.00237586124970302	0.00178189593727726	2.37586124970302e-05	2.37586124970302e-05	4.7517224994060295e-05	2.37586124970302e-05	2.37586124970302e-05		0.0511047754811119	0.0650510810168686	0.0554526015680684	0.05509622238061299	0.0501544309812307
10	BC_18	0.0496456692913386	0.0600590551181102	0.0618897637795276	0.0613976377952756	0.0567913385826772	0.0554330708661417	0.0507086614173228	0.0402362204724409	0.0373425196850394	0.0329330708661417	0.0283267716535433	0.0315748031496063	0.0263779527559055	0.0263385826771654	0.0269685039370079	0.0238385826771654	0.0188779527559055	0.0138779527559055	0.0114173228346457	0.0067913385826771705	0.00362204724409449	0.00238188976377953	0.00047244094488189004	0.000295275590551181	0.00015748031496063	1.96850393700787e-05		1.96850393700787e-05	0.0476968503937008	0.0566732283464567	0.0497834645669291	0.0465157480314961	0.0484251968503937
46	Biotech_045	0.048939304655274005	0.0566293459045374	0.0626988803771361	0.0613730111962286	0.0551561579257513	0.0552740129640542	0.0496169711255156	0.0405421331761933	0.0378314672952269	0.034325279905716	0.0284030642309959	0.0317324690630524	0.0266057748968768	0.0249263406010607	0.0252799057159694	0.0226576311137301	0.0171773718326458	0.0130819092516205	0.0109015910430171	0.006511490866234529	0.00329994107248085	0.0024749558043606398	0.000383028874484384	0.00017678255745433102	2.94637595757219e-05	8.839127872716559e-05		5.8927519151443704e-05	0.0524160282852092	0.0605185621685327	0.0512080141426046	0.047348261638185	0.0479375368296995
31	Biotech_050	0.0507579060760727	0.0607350791248814	0.0656595449998718	0.0624278642694093	0.0558619097694221	0.0563492267049681	0.0510143886737285	0.0379850727128164	0.0400112852342969	0.0327271794608736	0.0278283618456488	0.0310343943163456	0.0232373233476109	0.0233912129062043	0.0213906486444895	0.0207750904101157	0.0170560927441073	0.0103875452050578	0.0110287516991972	0.00615558234373798	0.00328297724999359	0.00230834337890174	0.000153889558593449	0.000282130857421324	5.12965195311498e-05	2.56482597655749e-05		5.12965195311498e-05	0.051347816050681	0.0594526661366026	0.0536305111698171	0.0512452230116187	0.0481930800995152
50	Biotech_064	0.0465116279069767	0.0533892871714169	0.0588389578597657	0.060500087427872	0.0560121233315848	0.0542927085154747	0.0524567232033572	0.0410036719706242	0.0374482718423967	0.0350294340502419	0.0316488896660255	0.0338637290901673	0.0284723436498222	0.0293174797458763	0.0283266305298129	0.0263157894736842	0.0213615433933671	0.0161741563210351	0.0148335956169494	0.0068193740164364395	0.0043422509762779	0.00323483126420703	0.000466281984029842	0.000203998368013056	8.74278720055954e-05	0.000174855744011191	5.82852480037303e-05		0.0440927901148219	0.0552252724835344	0.0492801771871539	0.0441510753628257	0.0455207786909133
21	Biotech_065	0.0473055623512666	0.0577586015168027	0.0636968173831817	0.0658319062340146	0.0573805128661344	0.0551342214709873	0.0524431198985833	0.0411449413962591	0.0380090296465983	0.03367213041834399	0.0294019527166782	0.0319818517447679	0.0239307875364188	0.0236416609212019	0.0233747748148478	0.0211729644374263	0.0168583057180348	0.0105642417098503	0.00911860863376554	0.00567132976002491	0.00326935480283789	0.0027133420812668198	0.000289126615216956	0.000155683562039899	8.89620354513711e-05	6.672152658852829e-05	2.22405088628428e-05	4.44810177256856e-05	0.0499966639236706	0.0601605764739897	0.0531325756733314	0.0482619042323688	0.0493516891666481
42	Biotech_067	0.0502443199072413	0.0594925875824752	0.0652071888026944	0.0627225795765122	0.0607348921955664	0.0577809678933274	0.0516522651354112	0.0415757943847831	0.0414101537697043	0.0333765839383817	0.0280760842558595	0.0288766805620738	0.0235761808795517	0.0217817408828645	0.0213400325759876	0.0184965353504679	0.0160947464318251	0.0107390332109433	0.008475278138199491	0.0048035778372857	0.00234657538028325	0.00256742953372167	0.000138033845899014	0.00011042707671921202	2.76067691798029e-05	2.76067691798029e-05			0.0506584214449383	0.0612318140408028	0.0561245617425393	0.048173812218755996	0.0503271402147807
90	Biotech_072	0.0456076340162784	0.057255122088128	0.0627280381700814	0.067218635980915	0.0571147909065394	0.057255122088128	0.0578164468144822	0.041678360931799	0.0388717373000281	0.032977827673309	0.031434184675834996	0.0319955094021892	0.0279259051361212	0.023014313780522003	0.0225933202357564	0.0238563008700533	0.0223126578725793	0.014313780522032	0.0131911310693236	0.00617457198989615	0.00505192253718776	0.00406960426606792	0.000701655907942745	0.000140331181588549	0.000280662363177098			0.000140331181588549	0.0440639910188044	0.0541678360931799	0.0451866404715128	0.0442043222003929	0.0436429974740387
85	Biotech_075	0.0557117985804205	0.0569171019150931	0.0574527922860587	0.0625418508102317	0.0632114637739387	0.0534351145038168	0.0494174367215749	0.0432569974554707	0.0387036293022633	0.0381679389312977	0.0318735770724521	0.0332128029998661	0.0293290478103656	0.0199544663184679	0.0210258470603991	0.0233025311370028	0.0158028659434847	0.0107138074193116	0.007901432971742329	0.00455336815320745	0.00334806481853489	0.00214276148386233	0.000133922592741395	0.000133922592741395	0.00040176777822418597	0.000133922592741395			0.0482121333869024	0.0612026248828177	0.0527655015401098	0.0475425204231954	0.0470068300522298
68	Biotech_078	0.049345026642984	0.0540075488454707	0.0627775310834813	0.0595581705150977	0.0542295737122558	0.0572269094138544	0.0464031971580817	0.0381327708703375	0.0386323268206039	0.0349689165186501	0.0288632326820604	0.0316940497335702	0.0278641207815275	0.0238676731793961	0.0234236234458259	0.0211478685612789	0.0202042628774423	0.0130994671403197	0.0124333925399645	0.005439609236234461	0.0028308170515097698	0.0024422735346358803	0.00033303730017762	0.00022202486678508	0.00027753108348135	0.00011101243339254			0.0500666074600355	0.0629995559502664	0.0543405861456483	0.0491785079928952	0.0497335701598579
89	Biotech_079	0.0511976047904192	0.0633233532934132	0.0658682634730539	0.062125748502994	0.0580838323353293	0.0588323353293413	0.0525449101796407	0.0381736526946108	0.0365269461077844	0.0303892215568862	0.0302395209580838	0.029940119760479	0.0205089820359281	0.0238023952095808	0.0229041916167665	0.0212574850299401	0.0164670658682635	0.00958083832335329	0.0092814371257485	0.0059880239520958105	0.00419161676646707	0.00209580838323353	0.000149700598802395						0.0523952095808383	0.0616766467065868	0.0532934131736527	0.0471556886227545	0.0508982035928144
77	Biotech_080	0.04585565710683901	0.0577529152221872	0.06460762685156	0.0634257800189096	0.0589347620548377	0.0569650173337535	0.0518436810589348	0.0412858493539237	0.0400252127324299	0.034667507091081004	0.0328553419476836	0.0298613299716357	0.0242672549637567	0.0248975732745036	0.0252915222187205	0.0207217144658052	0.0164670658682635	0.0133942641033722	0.011188150015758002	0.0069335014182162	0.00338796092026473	0.0029940119760479	0.000393948944216829	0.000315159155373464	7.878978884336591e-05	7.878978884336591e-05		0.000236369366530098	0.0485345099275134	0.0586196028994642	0.049952726126694	0.0468799243618027	0.0464859754175859
55	Biotech_081	0.0469221245118893	0.0547953903298517	0.059811422584843996	0.061462268643449	0.0605098574557922	0.0570811771802279	0.0534620146671323	0.0430489856820851	0.0412076573859488	0.0345090320327629	0.0309216165592558	0.0345407790723515	0.0264135369376806	0.0289215530651767	0.0251754023937268	0.0238102796914188	0.018476777040541	0.0128892980729547	0.0121273691228293	0.00628591383853456	0.00282548652338169	0.0028889806025588103	0.0003809644750627	0.000158735197942792	0.000158735197942792	6.34940791771167e-05			0.0439061557509762	0.0562240071113369	0.0468903774723007	0.0440966379885076	0.0473665830661291
67	Biotech_083	0.0459981167608286	0.058286252354049	0.0628531073446328	0.0606873822975518	0.0578625235404896	0.0532015065913371	0.0523540489642185	0.0380885122410546	0.0398775894538606	0.0352636534839925	0.0324387947269303	0.0334274952919021	0.027683615819208997	0.0287193973634652	0.0286252354048964	0.0273540489642185	0.0215160075329567	0.0143126177024482	0.0130414312617702	0.00847457627118644	0.0039077212806026395	0.0030602636534839897	0.00032956685499058397	0.000188323917137476	9.41619585687382e-05	0.000188323917137476		9.41619585687382e-05	0.041713747645951	0.0534369114877589	0.0480696798493409	0.0454331450094162	0.0463747645951036
93	Biotech_085	0.0579958819492107	0.0583390528483185	0.0717227179135209	0.0610844200411805	0.0621139327385038	0.0583390528483185	0.057652711050103	0.032258064516129	0.0353466026080988	0.0332875772134523	0.0260809883321894	0.0336307481125601	0.0288263555250515	0.0247083047357584	0.0223061084420041	0.0264241592312972	0.0178448867536033	0.012697323266987	0.0106382978723404	0.00754975978037062	0.00205902539464653	0.0024021962937542897		0.00034317089910775603					0.0418668496911462	0.0494166094715168	0.0549073438572409	0.0418668496911462	0.0473575840768703
27	Biotech_086	0.0484368428431235	0.0594186644235712	0.0632739847656432	0.0634375438104584	0.058717697088649004	0.0578531707089116	0.0530398616757792	0.0428524697415767	0.0385064722650591	0.0344875928781719	0.0272442637506426	0.0312631431375298	0.0236225991868779	0.0241600074769849	0.0257488667694752	0.0226412449179868	0.0189962147763914	0.012477218561615	0.0123603906724613	0.00759381279499042	0.00320108416281135	0.00257021356138137	0.00030375251179961697	0.000116827889153699	0.000233655778307398	4.67311556614795e-05	2.33655778307398e-05	2.33655778307398e-05	0.0447217159680359	0.0581569232207112	0.0513108089163045	0.0448852750128511	0.046684424505818
40	Biotech_087	0.0523427726600705	0.0615546457409303	0.0665870578869555	0.0628340725577164	0.0584271579665643	0.0572330262708973	0.0487888092801092	0.0405151825315592	0.0369043557375185	0.0301091777550324	0.0281758216763334	0.0304503582395087	0.0231718412373479	0.0201580802911407	0.0196178778573866	0.0171727510519732	0.0146423291254407	0.00972364380757421	0.00901285113158194	0.00409416581371546	0.0024735585124530898	0.00173433412942113	0.000142158535198453	5.68634140793813e-05	8.5295121119072e-05	2.8431707039690697e-05			0.0521437507107927	0.0643125213237803	0.0578585238257705	0.0513192312066416	0.050096667803935
52	Biotech_089	0.0475198906016907	0.0590191447041273	0.0633702138239682	0.0648620089507708	0.0584286424664346	0.0570922426653406	0.053051964196917	0.0417391844853307	0.0404649428145201	0.0315141720537046	0.0318560417702635	0.0316695673794132	0.0262307309796121	0.0263861263053207	0.0258267031327698	0.023247140726007004	0.0188339134758826	0.0127113376429637	0.0106290402784684	0.0068063152660368	0.0035119343610144197	0.0022687717553456	0.000497265042267529	0.000155395325708603	9.32371954251616e-05	0.000124316260566882			0.0427337145698657	0.05771382396817501	0.0495089507707608	0.0455308304326206	0.0450957235206365
41	Biotech_090	0.0534661516568408	0.0638631545319897	0.067435309151105	0.0678709377631923	0.0639502802544071	0.0568350129236488	0.0535532773792583	0.0434757354863067	0.038799988383237	0.0301745418639096	0.023698196497546002	0.0283739436006157	0.0189643655795313	0.0197194551738158	0.0191095751168937	0.0152470014230535	0.013475445067232	0.00795748264746029	0.00821885981471263	0.00374640606395028	0.0021781430604362103	0.0013940115586791699	0.00037754479714227596	0.000116167629889931			2.90419074724828e-05		0.0495454941480556	0.0646472860337467	0.0560218395144193	0.0504457932797026	0.0535823192867308
73	Biotech_091	0.0526705681902363	0.0602266834580339	0.0642269797762797	0.0634861841617898	0.0571894214386251	0.057930217053115	0.0519297725757464	0.0403733609897029	0.0405215201126009	0.0329654048448033	0.0300763019482925	0.0288910289651085	0.0205941180828209	0.0214830728202089	0.0214830728202089	0.019631083783983996	0.0153344692199422	0.0112600933402474	0.0097785021112675	0.00525964886287873	0.00229646640491888	0.00214830728202089	0.000148159122897992	7.40795614489962e-05				7.40795614489962e-05	0.0495592266093785	0.0643010593377287	0.0551151937180532	0.0467442032743166	0.0507444995925624
19	Biotech_092	0.047449791752982	0.0544277023048911	0.0587670904293596	0.0585926426655618	0.0521380754050459	0.0494123290957064	0.0438081946837044	0.036699448308946996	0.0353038661985652	0.0333413288558407	0.0301794631370069	0.0341917617043547	0.0277371944438387	0.0267777317429512	0.0281951198238078	0.0239865675221876	0.0198216271615168	0.015198761420876998	0.0121459255544168	0.00534246276630541	0.00342353736453041	0.00215879107699688	0.000152641793323012	0.000283477616171308	0.000152641793323012		6.54179114241479e-05		0.0526614186964391	0.0655051353060468	0.0564120456180902	0.0501101201508973	0.0499138664166249
91	Biotech_093	0.048255062473072	0.0523481258078414	0.0577337354588539	0.0529943989659629	0.0555794915984489	0.0575183110728134	0.0588108573890564	0.043515725980181	0.0407152089616545	0.0376992675570875	0.0308056872037915	0.036622145626885004	0.0312365359758725	0.025420077552779	0.0329599310641965	0.024989228780697998	0.0183110728134425	0.0131408875484705	0.0122791900043085	0.00732442912537699	0.003877638948729	0.0019388194743645	0.0002154243860405	0.0002154243860405					0.046531667384748	0.0551486428263679	0.0441619991383025	0.0463162429987075	0.0433003015941405
54	Biotech_094	0.0484001423533599	0.0575236985991135	0.0644796014105924	0.0627972435213045	0.058753113979746995	0.0587207609434145	0.0529295674399042	0.0406354136335695	0.0427707140315119	0.0360412824743602	0.0308324436248342	0.0351677504933838	0.0248147788669967	0.0248794849396616	0.0273059626645961	0.0233912452683684	0.0173735805105309	0.0129735675693164	0.0109676793167039	0.0066647254844867205	0.00404412954155748	0.00223235950693973	0.000291177326992138	6.47060726649196e-05	3.23530363324598e-05				0.0457795464104306	0.0534148629848911	0.0437736581578181	0.0455854281924359	0.0462001358827526
62	Biotech_096	0.0439630993816105	0.0542695907816038	0.0580880613658636	0.0616361977494678	0.0641705808806137	0.0616361977494678	0.0563308890616024	0.0452471868347244	0.044909269083904996	0.0392660426452202	0.0341972763829284	0.0348731118845673	0.0292298854458825	0.0275740884668672	0.0283512992937519	0.0266617105396546	0.0208495252255601	0.0148007974858919	0.0142263373094989	0.00804244246950292	0.00385226235934174	0.00317642685770283	0.00033791775081945096	0.000304125975737505	0.000168958875409725	0.00013516710032778		3.37917750819451e-05	0.0358868651370256	0.0486939478930828	0.0382860811678437	0.0410570067245632	0.0429155543540702
28	Biotech_097	0.0496727638865581	0.059549780643924	0.0629060484740968	0.0640807422146573	0.0598854074269412	0.0560496727638866	0.0503440174525927	0.0411142809196174	0.0411862009445497	0.0322681178529475	0.0277371562822142	0.0321722244863712	0.0251000887013641	0.0239014216191595	0.0236377148610745	0.0220075276292762	0.0172847793253902	0.0114113106225877	0.0113633639392995	0.005897442044446579	0.00328434780524057	0.00270898760578237	0.00038357346630546804	0.000143840049864551	4.7946683288183505e-05	0.00011986670822045901	2.39733416440918e-05	7.19200249322753e-05	0.0448301488744516	0.0586867403447367	0.0533167118164601	0.0475631098218781	0.0481144966796922
95	Biotech_099	0.0456720313179643	0.058721183123097	0.0682905611135276	0.06220095693779901	0.0648107872988256	0.0530665506742062	0.0508916920400174	0.0521966072205307	0.0421922575032623	0.0343627664201827	0.0282731622444541	0.0256633318834276	0.0187037842540235	0.0247933884297521	0.0308829926054806	0.0243584167029143	0.0204436711613745	0.0121792083514572	0.0100043497172684	0.006524575902566329	0.0030448020878642897	0.00521966072205307							0.0365376250543715	0.0548064375815572	0.0465419747716398	0.0491518051326664	0.0482818616789909
57	Biotech_100	0.0479110128321104	0.0570911649412001	0.0637249974871846	0.0632224344155191	0.0568901397125339	0.0570576607364224	0.0544778369685395	0.0446946091734513	0.0395014574329078	0.0359835159312494	0.0285120782658224	0.0340402720541428	0.0240560190303883	0.0248266157402754	0.0263678091600496	0.022079270948504	0.016618085569739	0.0125640767916373	0.010151774047643	0.00653331993165142	0.00445605923543405	0.0017757228532180801	0.00023452943344389702	3.35042047776996e-05	3.35042047776996e-05	3.35042047776996e-05			0.0430193989345663	0.0587998793848628	0.0509933996716588	0.0448956344021175	0.048514088518109004
88	Biotech_101	0.0515661938534279	0.0552600472813239	0.066193853427896	0.0596926713947991	0.0565898345153664	0.0534869976359338	0.0475768321513002	0.0406323877068558	0.0364952718676123	0.0304373522458629	0.0265957446808511	0.0276300236406619	0.0199468085106383	0.0196513002364066	0.0217198581560284	0.0227541371158392	0.017434988179668997	0.0101950354609929	0.00842198581560284	0.005762411347517729	0.00236406619385343	0.00354609929078014	0.000147754137115839	0.000147754137115839	0.000147754137115839	0.000147754137115839	0.000147754137115839		0.0539302600472813	0.06708037825059099	0.0614657210401891	0.0514184397163121	0.0517139479905437
84	Biotech_103	0.0488755288354487	0.0586729013582721	0.061122244488977996	0.0622355822756624	0.0582275662435983	0.0555555555555556	0.0568915608995769	0.04397684257403701	0.0403028278779782	0.0354041416165665	0.0264974393230906	0.0274994433311067	0.0211534179470051	0.0241594299710532	0.024604765085727	0.0239367624137163	0.0179247383656201	0.0169227343576041	0.0128033845468715	0.00712536183478067	0.00345134713872189	0.00267201068804275	0.00055666889334224			0.000111333778668448	0.000111333778668448		0.0446448452460476	0.0527722110888444	0.0499888666221332	0.0508795368514807	0.0480961923847695
70	Biotech_105	0.0482565569281324	0.0591492728047222	0.0645652041623562	0.0622527840321305	0.0575670906103572	0.0505081238970365	0.0525162782206536	0.0382157853100469	0.0394937016978032	0.0340169171788474	0.0278707478853526	0.0365727499543601	0.0269579504655267	0.0278707478853526	0.0262885656909876	0.0227590823343273	0.0181950952351975	0.0138136676200329	0.0100407716180856	0.00669384774539037	0.0035294833566603795	0.00152132903304327	0.000304265806608653	0.000182559483965192		0.00012170632264346101		6.08531613217307e-05	0.0438142761516461	0.0579322095782876	0.0503255644130713	0.0461266962818718	0.0492910606706018
80	Biotech_106	0.0507781324820431	0.059756584197925004	0.0638467677573823	0.0600558659217877	0.0555666400638468	0.0520750199521149	0.0562649640861931	0.0360135674381484	0.0372106943335994	0.0305267358339984	0.0275339185953711	0.0305267358339984	0.0268355945730247	0.0248403830806065	0.0280327214684757	0.0236432561851556	0.0180566640063847	0.0112729449321628	0.0116719872306464	0.00548683160415004	0.0027932960893854697	0.00219473264166002	0.000299281723862729	9.976057462090981e-05					0.0518754988028731	0.0587589784517159	0.0545690343176377	0.0477853152434158	0.0478850758180367
18	Biotech_107	0.0532135621353773	0.0648326701979642	0.0703981253203798	0.0670539702687529	0.0607318085288159	0.0562647984963507	0.0506505235921595	0.0403251397466253	0.0381526594576122	0.0301218053555301	0.0272170283398833	0.0275343569214246	0.0202602094368638	0.0205043083457417	0.0196011423828935	0.0164034466765934	0.0113505992628213	0.00947103766446164	0.00739619693899968	0.00419850123269949	0.00227011985256426	0.00231893963433983	0.00036614836331681604	9.76395635511509e-05	4.88197817755755e-05		2.4409890887787698e-05		0.0504308345741695	0.064515341616423	0.0575585227134035	0.0502843752288427	0.0520418873727634
26	Biotech_108	0.0489423573003142	0.0588387036255335	0.0601519628535247	0.0590497631443178	0.0572440317058299	0.0545940621922049	0.048801650954457994	0.0389756578021669	0.0379672623235308	0.0315651235870738	0.029829745321514	0.0327611275268515	0.0247643168706909	0.0250457295624033	0.0238497256226256	0.0208010881290746	0.0166737019839595	0.0113503118990666	0.009825993152291171	0.00443224989447024	0.00257961634069697	0.00173537826555978	0.000211059518784297	0.000117255288213498	0.000117255288213498	2.34510576426997e-05	2.34510576426997e-05	2.34510576426997e-05	0.0533746071947845	0.0642324468833544	0.0526945265231462	0.0491299657614558	0.0536091177712115
59	Biotech_110	0.0538687172982401	0.0624702711273189	0.0641747264943713	0.0612414777231647	0.0548993182178532	0.0559695576343745	0.0493102901537974	0.0343269383224988	0.0357142857142857	0.0298874266687807	0.0247344220707151	0.028936102742983996	0.0220786427778659	0.0185111780561281	0.0225543047407642	0.0181544315839543	0.0160932297447281	0.0102267322023149	0.009116854288885371	0.00499445061043285	0.00221975582685905	0.00221975582685905	0.000237830981449183	3.96384969081972e-05	7.92769938163945e-05	0.00011891549072459199	3.96384969081972e-05		0.0528381163786269	0.0698826700491517	0.0601712383066434	0.0541065482796892	0.0527192008879023
44	Biotech_111	0.0494744259792119	0.0565799518468495	0.0632744142345411	0.0603676081977803	0.0574901638381584	0.0518527218274708	0.0500616595219919	0.0379940102178636	0.0373186916436667	0.031769334664396	0.0303599741617241	0.03194550472723	0.0275118914792413	0.0268365729050443	0.0249280638910095	0.0240178518997005	0.0180867931176229	0.0115978624699043	0.0101885019672324	0.00499148511362969	0.0032591461624288	0.00170297727406189	0.000205531739972987	5.87233542779964e-05		2.93616771389982e-05			0.0513242116389688	0.0620999471489811	0.0542603793528686	0.0501497445534089	0.0468318750367021
74	Biotech_115	0.0468524251805986	0.0566219470244238	0.0621259029927761	0.0624699002407981	0.0595115239078087	0.0593739250085999	0.0478844169246646	0.0410044719642243	0.0392156862745098	0.0346061231510148	0.0316477468180255	0.0335053319573443	0.0284829721362229	0.0244238046095631	0.0247678018575851	0.022359821121431	0.0188510491916065	0.0120399036807706	0.013140694874441002	0.0072239422084623296	0.0041279669762641896	0.00323357413140695	0.000412796697626419	0.000137598899208806	0.000137598899208806	0.000137598899208806		0.000137598899208806	0.0445820433436533	0.0562779497764018	0.0499484004127967	0.0418988648090815	0.0477468180254558
86	Biotech_120	0.0523456135701034	0.06148953087728599	0.065597667638484	0.0665253114232706	0.0555261065465147	0.0556586270871985	0.0466472303206997	0.0401537238271932	0.0367081897694143	0.0324675324675325	0.0265041081367612	0.0302146832759078	0.021865889212827998	0.0245163000265041	0.0219984097535118	0.0198780811025709	0.0169626292075272	0.0100715610919693	0.0108666843360721	0.00636098595282269	0.0026504108136761197	0.00159024648820567	0.0006626027034190299		0.000132520540683806		0.000265041081367612		0.0514179697853167	0.0666578319639544	0.052610654651470995	0.0542009011396766	0.0442618605883912
66	Biotech_121	0.0480446927374302	0.0520767549186301	0.0648530483361671	0.0611124605295118	0.0583920330337624	0.0543599708525625	0.048967694923487994	0.0381345640029147	0.0384260383774593	0.0333738158853534	0.0290017002671848	0.0338596065095944	0.0257469030847705	0.026524168083556	0.0278358027690066	0.0235122662132621	0.0180714112217634	0.0141850862278358	0.0133106631042021	0.007141122176341999	0.00364342968180714	0.00296332280786981	9.71581248481904e-05	0.000145737187272286	4.85790624240952e-05		4.85790624240952e-05		0.0464901627398591	0.0606266699052708	0.0503764877337867	0.047461743988341	0.0477532183628856
92	Biotech_127	0.0490399584846912	0.0583809029579657	0.0614945511157239	0.0576024909185262	0.0599377270368448	0.0552672548002076	0.0474831344058121	0.0402179553710431	0.0332122470160872	0.0321743642968345	0.027244421380384	0.0306175402179554	0.0251686559418786	0.0264660093409445	0.0249091852620654	0.0246497145822522	0.0176440062272963	0.009081473793461341	0.00856253243383498	0.00622729631551635	0.00311364815775817	0.0025947067981318102			0.000518941359626362				0.0492994291645044	0.0609756097560976	0.0570835495588998	0.0513751946030099	0.0542293720809549
53	Biotech_129	0.0483101135190918	0.0568885448916409	0.0651122291021672	0.0629514963880289	0.0597910216718266	0.0543085655314757	0.0537280701754386	0.041344169246646	0.0414086687306502	0.03528121775025799	0.0290892672858617	0.0339267285861713	0.0252837977296182	0.0253805469556244	0.0264125386996904	0.0242195562435501	0.019156346749226002	0.0129321465428277	0.0107069143446852	0.00474071207430341	0.0029669762641898897	0.00228973168214654	0.000354747162022704	0.00016124871001032	9.674922600619201e-05	3.2249742002064e-05	3.2249742002064e-05		0.0436661506707946	0.0559210526315789	0.0498258513931889	0.0448916408668731	0.0475683694530444
76	Biotech_131	0.0479678299583513	0.0609651012494614	0.0626166882091053	0.0616113744075829	0.0537842883814448	0.0552922590837283	0.0445928479103835	0.0351141749246015	0.03446790176648	0.0313083441045526	0.0276461295418641	0.0283642108286658	0.0227631767916128	0.0199626597730863	0.0201062760304466	0.019819043515726	0.0171621427545598	0.011632916846187	0.00955048111446216	0.00466752836421083	0.0023696682464455	0.0015079707022835	0.0002154243860405						0.0523481258078414	0.0753267269854948	0.0667815596725549	0.0570156541720523	0.0506247307195175
87	Biotech_132	0.0490707313812007	0.058162855996790996	0.0611044257253644	0.0586976868565316	0.0577617328519856	0.0576280251370504	0.0518785933948389	0.0366359138922316	0.0415830993448322	0.0324909747292419	0.0308864821500201	0.0375718678967776	0.02647412755716	0.0256718812675491	0.027276373846771	0.0232651423987164	0.0181842492311806	0.0108303249097473	0.0148415563578018	0.00521460088247092	0.00240673886883273	0.00374381601818425	0.000267415429870304	0.000133707714935152		0.000133707714935152	0.000133707714935152	0.000133707714935152	0.0454606230779516	0.0541516245487365	0.0517448856799037	0.047599946516914	0.044925792218211
25	CD0497	0.0505588334052861	0.0629107305607522	0.0645656449369214	0.0622631553700772	0.0591212164819878	0.0565309157192881	0.0501750851441454	0.0436273804384324	0.0428358996498297	0.0369837386674342	0.0297884587710462	0.0309636878207896	0.0224732575430518	0.0192593658559985	0.018563822132681	0.0167170336259414	0.0128315824818919	0.00791480788602677	0.0067155945699621	0.0041252938072624395	0.00187077277306087	0.00129515038134983	9.59370652851729e-05	7.19527989638797e-05	4.7968532642586496e-05				0.0548999856094402	0.0626229193648966	0.0497913368830048	0.05103851873171201	0.0490957931596872
81	CD0838	0.0428790199081164	0.0530032329419772	0.0551301684532925	0.0599795814190914	0.0564914071805343	0.0530032329419772	0.0490045941807044	0.0391356134082015	0.0419431682831377	0.0360728262719074	0.0341160456014974	0.0386251488854858	0.0319040326697295	0.0288412455334354	0.0311383358856559	0.0270546197039306	0.021269355113153	0.0141228517951336	0.0137825421133231	0.0069763484771141705	0.00391356134082015	0.00263740003403097	8.507742045261191e-05	0.00025523226135783597	8.507742045261191e-05				0.044495490896716	0.0566615620214395	0.044495490896716	0.0455164199421474	0.0426237876467586
8	CD0844	0.0515581063903548	0.0616694272177497	0.063267978891414	0.0639228072878549	0.0575478602519163	0.0540426023650861	0.0501714109625977	0.038519317437695	0.0377296714302223	0.0312584261006895	0.0261353568814761	0.0293324602288047	0.0245175455490929	0.0233427063672432	0.0229767728515851	0.0188937252031894	0.0172566542120874	0.0113054196679635	0.010226878779708	0.005643080004622321	0.0029467277839836698	0.00240745733985594	0.00030815453950156	0.00011555795231308502	0.000192596587188475	1.92596587188475e-05	3.8519317437695e-05		0.049632140518469994	0.063402796502446	0.0545048341743384	0.0510766149223836	0.0510766149223836
23	CD1071	0.0509680063649734	0.0575499674518408	0.0629746606553029	0.0624924657038841	0.0567784555295706	0.0575499674518408	0.0512573233358247	0.0397810834920558	0.0412276683463124	0.0333437808906141	0.0282566241531451	0.0314150010849386	0.0257974299009089	0.0243508450466524	0.0239409793379463	0.0215058948332811	0.0174554572413627	0.011837886057333002	0.00949924054295152	0.00588277840731008	0.0036646816307833296	0.00250741374737806	0.000361646213564144	0.000265207223280372	0.000168768232996601	0.000144658485425658	2.41097475709429e-05	4.82194951418859e-05	0.0483641536273115	0.0609494418593437	0.0508956771222605	0.0464112640740651	0.0480989464040312
39	CD1076	0.0479113561878999	0.0584976330437497	0.0622431462310774	0.0626333038547573	0.0586536960932217	0.05420589918327	0.051214690735056995	0.03880767830203399	0.0407064454039432	0.0332934505540238	0.0299120844821308	0.0323830827654372	0.0261925818030484	0.0245018987671019	0.0261405607865578	0.0229932892888727	0.0169328408677106	0.0131873276803829	0.0110024449877751	0.0055142277480102	0.00306923997294907	0.0028611559069864198	0.0004941996566612911	0.00013005254122665602	5.20210164906622e-05	7.80315247359933e-05	5.20210164906622e-05	7.80315247359933e-05	0.0479893877126359	0.0592259272746189	0.050902564636113	0.0448681267231962	0.0468449253498413
58	CD1081	0.0460154916633845	0.0535972167520021	0.0575685965603256	0.0615399763686491	0.0579952737298149	0.0582906656163844	0.0553367467506892	0.0474924510962321	0.0444400682683471	0.0384665878954969	0.0323618222397269	0.0388604437442563	0.0290796901667323	0.0279309439411842	0.0271104109229355	0.0243205986608901	0.021957463568333998	0.0149008796113956	0.0125049231981095	0.008106866220296709	0.00429959301562295	0.00278981226204542	0.000525141131679139	3.28213207299462e-05	0.00022974924510962299	9.84639621898385e-05	6.56426414598923e-05	3.28213207299462e-05	0.0380727320467376	0.0511027963765262	0.0394512275173953	0.0433569646842589	0.0431928580806092
35	CD1086	0.045827908628239995	0.0578530003550716	0.0602911587170079	0.0627766599597585	0.0626346313173157	0.0581607290803645	0.0559119422416854	0.0431293644218251	0.0425849212924606	0.0380163332938809	0.0308912297313292	0.0351757604450231	0.0279086282400284	0.0294472718664931	0.0279322996804356	0.024665640904249	0.0187241093620547	0.0140608356018464	0.0129956207835247	0.0060835601846372395	0.00338501597822227	0.0026512013256006603	0.00018937152325719	0.000165700082850041	9.468576162859509e-05	7.10143212214463e-05	2.36714404071488e-05		0.0380636761746952	0.0488815244407622	0.0458752515090543	0.043271393064268	0.0430110072197893
82	CD1096	0.0511586253218404	0.0621291839247733	0.0655994626665174	0.0645919623866562	0.0594425165118101	0.0542930706369641	0.05171834769954099	0.0401880667189074	0.0377252882570245	0.0306727862979962	0.0259711183253106	0.0324638979066383	0.0201500055972238	0.0191425053173626	0.0212694503526251	0.0188066718907422	0.0130975036381955	0.0107466696518527	0.00884361356767044	0.00335833426620396	0.00235083398634277	0.0027986118885033	0.00022388895108026402	0.00011194447554013201			0.00011194447554013201		0.0548527930146647	0.0623530728758536	0.0536214037837233	0.055076681965745	0.0522780700772417
11	CD1110	0.0415848363092557	0.05259364696131599	0.0576386011062864	0.0608277328336426	0.0602691843390209	0.0576746364930362	0.0541611862849318	0.0475306751229708	0.0452964811444839	0.0401434208392642	0.0362696167636619	0.0391884830903948	0.0314408749391903	0.0312066449253167	0.031152591845192	0.0283778670654583	0.023495072160862003	0.0170807733193996	0.0156213401560332	0.00808994432532747	0.00396389254247671	0.00349543251472946	0.000576566187996613	0.00025224770724851804	0.00023423001387362402	0.000144141546999153	3.60353867497883e-05	0.00012612385362425902	0.034377758959297997	0.0425037386713753	0.0369903244986577	0.0369903244986577	0.0394227131042684
1	CD1113	0.0497779970399605	0.0605821410952146	0.0638217398454202	0.0631968426245683	0.0594967932905772	0.057079427725703	0.0527709258345667	0.0418352244696596	0.0384147344186811	0.0326591021213616	0.0285972701858247	0.0293866140437428	0.02359809241901	0.0228087485610919	0.0217398454201612	0.0210162802170696	0.0162473277421477	0.0109192567012005	0.009981910869922709	0.00555829633283999	0.00300937345831278	0.0026640355204736103	0.000131557309653018	0.000180891300772899	0.000197335964479526	3.28893274132544e-05	3.28893274132544e-05	1.64446637066272e-05	0.0467686235816478	0.0611577043249466	0.0545140601874692	0.049317546456175	0.0500740009866798
97	CD1114	0.03983101991551	0.056125528062764	0.0651780325890163	0.0543150271575136	0.0579360289680145	0.0531080265540133	0.0506940253470127	0.0446590223295112	0.0500905250452625	0.0416415208207604	0.0247435123717562	0.0337960168980085	0.0289680144840072	0.0283645141822571	0.0271575135787568	0.024140012070006003	0.0331925165962583	0.0150875075437538	0.0156910078455039	0.00905250452625226	0.0048280024140012106	0.0024140012070006		0.000603500301750151					0.0368135184067592	0.0615570307785154	0.0362100181050091	0.0434520217260109	0.03983101991551
47	CD1115	0.0483577178447617	0.0553792819789647	0.0573182913214642	0.0576120806157824	0.0534696515658969	0.0506198954110112	0.048945296433398	0.0391327340031729	0.037722545390446	0.0341970738586286	0.0300252658793114	0.03211116986897	0.0287619719137435	0.0264704154180622	0.0297314765849932	0.0257065632528351	0.0219460602855632	0.0160408954697691	0.0130736235971561	0.00846113167636171	0.00452435513249897	0.00337857688465832	0.000323168223749927	8.81367882954345e-05	0.00026441036488630403	2.9378929431811498e-05	2.9378929431811498e-05	2.9378929431811498e-05	0.0471825606674893	0.06140196251248599	0.0520007050943064	0.0476820024678301	0.0445090780891944
48	CD1120	0.0495689655172414	0.0648676542010685	0.0682673627974745	0.0639570179698883	0.0583110733365712	0.0534239922292375	0.0505099562894609	0.0402197668771248	0.0377914035939777	0.0337238950947062	0.0257102962603205	0.029777804759592005	0.0235551238465274	0.0224927149101506	0.0201250607090821	0.0177574065080136	0.0146005342399223	0.00983487129674599	0.008195726080621659	0.005099562894609029	0.00251942690626518	0.00200339970859641	0.000303545410393395	0.000182127246236037	0.00015177270519669699	3.03545410393395e-05		6.0709082078679e-05	0.0515116561437591	0.0629856726566294	0.0568237008256435	0.0512991743564837	0.0492957746478873
33	CD1125	0.0493955445168158	0.0563651570063614	0.0619915350888309	0.0619915350888309	0.0581645842309349	0.0530704311022125	0.0503586182426439	0.0373317788985478	0.0385736371239577	0.0329219149960717	0.0281572344577641	0.0299313176369212	0.0233418658286236	0.0229363611019591	0.0222774159211293	0.020680741059888	0.0174873913374053	0.0110500038016068	0.00952936107661505	0.0056010340370529895	0.00329472590414882	0.00217958790582153	0.000329472590414882	0.000202752363332235	0.000152064272499176	7.603213624958821e-05		7.603213624958821e-05	0.0533999036926274	0.0664520870821401	0.0535012798742935	0.0499277694705629	0.0509922193780571
34	CD1127	0.0499703783839477	0.0573371455065296	0.0607887077248023	0.0610720449218247	0.056899260747495004	0.0547098369523221	0.0480642917857971	0.0395384179481235	0.0373747520799526	0.0309352703294439	0.0264276331040878	0.0323777142415578	0.0254745898050125	0.0255518635860186	0.0264276331040878	0.0248306416299616	0.0183654019524509	0.0145789866831517	0.0119774360559462	0.007186461633567729	0.0034258042912706397	0.00296216160523401	0.000231821343018314	0.000309095124024419	0.000206063416016279	5.15158540040697e-05	2.57579270020349e-05	5.15158540040697e-05	0.0490173350848724	0.0610462869948227	0.0534992143832264	0.0452051618885712	0.045797594209618
29	CD1129	0.0505855968103663	0.0594567655120857	0.062447047096935	0.0645900822327436	0.06050336406678299	0.0569399451781709	0.0542486917518066	0.0426613506105158	0.0399451781709444	0.0335160727635186	0.0283329180164465	0.0306254672314976	0.0245701470221779	0.0229254921505108	0.0219785696486419	0.0209070520807376	0.0170196860204336	0.0120608023922253	0.0120358833790182	0.006753052579117871	0.00338898579616247	0.0031896336905058603	0.000323947171692001	0.000224271118863693	0.000124595066035385	9.9676052828308e-05		2.4919013207077e-05	0.0471716920009968	0.056964864191378	0.0486668327934214	0.0442063294293546	0.0476949912783454
72	CD1149	0.0438708113676301	0.0479306792704357	0.0582924316790887	0.0552626795128159	0.0515057868266376	0.0488396049203175	0.048112464400412	0.0394473732048718	0.0365994061685754	0.034417984608859004	0.0321153729624917	0.0395685632915228	0.0349633399987881	0.0339938193055808	0.0359934557353209	0.0338726292189299	0.0253287281100406	0.015815306307943998	0.0141792401381567	0.009210446585469309	0.0050899836393383	0.00448403320608374	0.00024238017330182403	0.000181785129976368		0.00012119008665091201	0.00012119008665091201	6.059504332545601e-05	0.0442949766709083	0.0524753075198449	0.0459310428406956	0.0432648609343756	0.0435072411076774
2	CD1169	0.047761486784681	0.0576995374229719	0.0605599960770853	0.0614753428464015	0.056342862747020994	0.0564736265712091	0.0491345069386554	0.0400791121136338	0.0393599110805996	0.0326746105689861	0.029013223491721	0.0319390640579284	0.0264960198761013	0.0248614720737508	0.0269536932607594	0.0220010134196375	0.0193530459798297	0.0144330570947547	0.0123571813857696	0.00694682815998954	0.004168096895993721	0.0033344775167949803	0.000555746252799163	0.000277873126399582	0.000310564082446591	9.80728681410288e-05	1.63454780235048e-05	6.53819120940192e-05	0.0469605583615293	0.0588110299285703	0.0525834028016149	0.0478105232187515	0.0479085960868926
83	CD1187	0.0501015572105619	0.0563078311893478	0.0657865041751298	0.0592417061611374	0.0505529225908373	0.0473933649289099	0.0510042879711126	0.0389302640487475	0.0359963890769578	0.031144211238997997	0.0287745429925525	0.0322726246896863	0.0247122545700745	0.0262920334010381	0.0248250959151433	0.0213270142180095	0.0129767546829158	0.0110584518167457	0.0104942450914015	0.007109004739336491	0.00315955766192733	0.00282103362672083	0.000451365380275333	0.000451365380275333	0.000112841345068833	0.000225682690137666			0.0570977206048296	0.0688332204919883	0.0569848792597608	0.045362220717671	0.0508914466260438
15	CD1202	0.0468458262529633	0.0570625380242096	0.0611743973818365	0.0634191369291124	0.0588457423374662	0.0586149747204565	0.053202425157865996	0.0436780162376487	0.0435101852434598	0.0383913399206999	0.0322864875070804	0.0337759875805064	0.0264753393332914	0.0253634589967902	0.0250068181341389	0.0203285291711247	0.0171816980300837	0.0121257893301445	0.0103216061426144	0.0053076551912224395	0.0026223592842008103	0.00243354941573835	0.000167830994188852	0.000272725365556884	0.00010489437136803199	0.00010489437136803199		4.1957748547213e-05	0.0440975937231208	0.0570835168984832	0.0484821784463046	0.0444961923343193	0.0467828896301424
4	CD1205	0.0474193230040462	0.0568275272212902	0.0618441396098556	0.0603967235764334	0.0555774861015165	0.0544261324385671	0.0518438106516662	0.0390144412645153	0.038471660251982	0.034326787065363996	0.0303463929734531	0.0340636205138327	0.0252804368564755	0.0245238330208231	0.0256587387743018	0.0220237507812757	0.0199842100069081	0.0137504523175104	0.0125662028356196	0.00810881936905819	0.004276456462383629	0.00299351952366854	0.000476989374650482	0.000328958189414125	0.000164479094707063	9.86874568242376e-05	9.86874568242376e-05	4.93437284121188e-05	0.0469423336293957	0.0597059113786638	0.0517780190137834	0.0464488963452745	0.0482088226586401
16	CD1208	0.0474468085106383	0.0604042553191489	0.0626170212765957	0.0620425531914894	0.0611914893617021	0.0578510638297872	0.0527659574468085	0.0426808510638298	0.0411276595744681	0.0344255319148936	0.0281276595744681	0.0311702127659574	0.023468085106383	0.0239787234042553	0.0246595744680851	0.0216170212765957	0.0171489361702128	0.0132765957446809	0.0122765957446809	0.0068085106382978705	0.0031063829787234	0.0031063829787234	0.000468085106382979	0.00014893617021276599	0.00014893617021276599	8.51063829787234e-05	4.25531914893617e-05	4.25531914893617e-05	0.0463829787234043	0.0573404255319149	0.0489787234042553	0.0464893617021277	0.04653191489361701
20	CD1211	0.0542784324610765	0.0654318806934316	0.0685609023694769	0.0609906886371092	0.0574579222286709	0.0532438365843196	0.0456988568977264	0.0385323878977516	0.0370940472886018	0.030154684700598	0.0237200030280855	0.026268641651316	0.0183956193696535	0.0169572787605037	0.016250725478816	0.0139544273133311	0.0102197885386964	0.00696459663377829	0.00656085190138535	0.00338136213379091	0.00217012793661208	0.00161497892957178	0.00010093618309823599	2.5234045774558998e-05	7.57021373236771e-05	5.0468091549118105e-05	2.5234045774558998e-05		0.0660122637462464	0.0742637967145272	0.060486007721617996	0.0526382194857302	0.0528905599434757
32	CD1212	0.0505675954592363	0.0596749226006192	0.0648606811145511	0.0635448916408669	0.0609391124871001	0.0606037151702786	0.0566305469556244	0.0429824561403509	0.042156862745097994	0.0353199174406605	0.0315273477812177	0.0321981424148607	0.0252321981424149	0.0250515995872033	0.0259029927760578	0.0229876160990712	0.0202012383900929	0.013828689370485002	0.0124871001031992	0.00637254901960784	0.003328173374613	0.00368937048503612	0.000412796697626419	0.000206398348813209	0.000128998968008256	2.57997936016512e-05	2.57997936016512e-05	0.000103199174406605	0.0378998968008256	0.0489938080495356	0.0476006191950464	0.0419504643962848	0.0453818369453044
65	CD1268	0.0493821510297483	0.057070938215103	0.0573455377574371	0.0589473684210526	0.0544622425629291	0.0530434782608696	0.0467276887871854	0.0381235697940503	0.0373455377574371	0.0344622425629291	0.0268649885583524	0.0317620137299771	0.0277345537757437	0.0246681922196796	0.0263157894736842	0.0241189931350114	0.0187643020594966	0.0140503432494279	0.0126315789473684	0.00736842105263158	0.00329519450800915	0.00283752860411899	0.000594965675057208	9.1533180778032e-05	0.00013729977116704799	0.00013729977116704799	9.1533180778032e-05		0.051487414187643	0.0646224256292906	0.0529061784897025	0.0490617848970252	0.0467276887871854
12	CD1362_HC	0.0521500871809968	0.0617060302076493	0.0657593804488123	0.0600982767600371	0.0588301895337515	0.0520821539367315	0.0465116279069767	0.0367065963180182	0.0376350173229773	0.031498380924345	0.0289169176422635	0.031498380924345	0.0229614365616721	0.0247050564978148	0.0230973030502027	0.0194062634451213	0.0147415140055705	0.011027829985733999	0.00790290074953013	0.00495912683136704	0.00276261860012228	0.00113222073775503	2.26444147551007e-05	2.26444147551007e-05	2.26444147551007e-05	2.26444147551007e-05		2.26444147551007e-05	0.0502932451710786	0.0650347591766491	0.05735830257467	0.054437173071262	0.0519462874482009
56	CD1363_HC	0.0515511598121531	0.0642165931407429	0.0633271666429486	0.0637540913618899	0.0612281201081543	0.0570300270385655	0.0505194250747118	0.0396684218016223	0.0412693894976519	0.0321616621602391	0.0276789526113562	0.0314145439020919	0.0244058630994735	0.0234097054219439	0.0236943219012381	0.0194250747118258	0.0160452540202078	0.0108510032730895	0.0100327308951188	0.00547886722641241	0.00281058773302974	0.0021702006546179	0.000177885299558844	0.000142308239647076	0.000177885299558844	3.5577059911768894e-05	3.5577059911768894e-05	3.5577059911768894e-05	0.0452184431478583	0.0587021488544187	0.0519780845310943	0.0497723068165647	0.0511242350932119
24	CD1368	0.0496472248353716	0.0584430856067733	0.0617121354656632	0.0623706491063029	0.0582079021636877	0.0572671683913452	0.05562088428974599	0.0436030103480715	0.04068673565381	0.0343367826904986	0.0298918156161806	0.031961429915334	0.0231655691439323	0.0243179680150517	0.0226952022577611	0.0204609595484478	0.0178033866415804	0.0114769520225776	0.0122295390404516	0.00555032925682032	0.00345719661335842	0.00293979303857008	0.000446848541862653	9.40733772342427e-05	9.40733772342427e-05	7.055503292568199e-05	7.055503292568199e-05	4.70366886171214e-05	0.046307619943556005	0.0561618062088429	0.0514581373471308	0.0493179680150517	0.0466368767638758
61	HC_09_BB	0.0493270226297885	0.0561677266676527	0.0639328501700932	0.0661884336636592	0.0601612187546221	0.0568333086821476	0.0525809791450969	0.0416358526845141	0.0405635261056057	0.0325765419316669	0.0251072326578908	0.0308386333382636	0.024515604200562	0.0233323472859045	0.025255139772223	0.0218902529211655	0.0195237390918503	0.0129418725040674	0.0107232657890845	0.007025587930779471	0.003956515308386329	0.00299511906522704	0.0005546516787457481	0.000184883892915249	0.00022186067149829902	3.69767785830498e-05	3.69767785830498e-05	3.69767785830498e-05	0.0455184144357344	0.0582384262683035	0.054134003845585	0.0462949267859784	0.0471084159148055
6	HC_10_BB	0.0498532110091743	0.0591926605504587	0.0634862385321101	0.0605871559633028	0.0614495412844037	0.056348623853211	0.0513394495412844	0.0404220183486239	0.0394495412844037	0.0322018348623853	0.0304036697247706	0.0325871559633027	0.0254495412844037	0.0243853211009174	0.024697247706422	0.0217064220183486	0.0178899082568807	0.0127706422018349	0.0111009174311927	0.00634862385321101	0.0037064220183486204	0.00275229357798165	0.00031192660550458703	0.000201834862385321	0.000165137614678899			3.6697247706421995e-05	0.0458348623853211	0.0570825688073395	0.0496697247706422	0.0472844036697248	0.0481651376146789
38	HC_11_BB	0.0462805434326997	0.0536282269398624	0.0564390857311931	0.0566363389797076	0.0535789136277338	0.0532337204428335	0.0476366595162364	0.035135734891634005	0.0380452203072219	0.033434425623197005	0.0309441033607022	0.0333357989989398	0.0300811203984516	0.0279113346647928	0.0291195108119437	0.0288976009073649	0.0224129003624528	0.0157309465690263	0.0148433069507113	0.00828463643760633	0.00384643834603151	0.00352590181719555	0.000715043025864832	0.000616416401607614	0.000147939936385827	0.000320536528835959	4.93133121286091e-05		0.0472421530192075	0.0597184209877456	0.0502502650590527	0.0447271741006485	0.0486475824148729
64	HC_12_BB	0.0573722052595292	0.0585541219344036	0.0625430907121048	0.0622476115433862	0.0583571358219246	0.0509701566039594	0.0440263961390722	0.0325519550871664	0.0326504481434059	0.0284152467251059	0.0259529203191175	0.0295479168718605	0.0231458682162908	0.0214714862602187	0.0208312813946617	0.0171377917856791	0.0152664237171279	0.0102432778489117	0.00945533339899537	0.00586033684625234	0.0025608194622279102	0.00192061459667093	0.000147739584359303	0.00019698611247907	0.000147739584359303				0.0559933024721757	0.0705702747956269	0.0626908302964641	0.0579631635969664	0.0527430316162711
69	HC_13_BB	0.0425110241292177	0.0569290987464698	0.0596541643957786	0.0601000842293019	0.0573750185799931	0.055789525838577	0.0510825942624981	0.0431551305554179	0.0406777981469554	0.0336917207550909	0.0308180151612743	0.0329980676807214	0.0274488430857652	0.0265570034187187	0.0288361492345043	0.0224446316206709	0.0230887380468711	0.0145171679135906	0.0153594609324679	0.00886885002229599	0.00391418520537086	0.00262597235297032	0.00034682653718475897	0.000445919833523262	0.000396373185354011	9.90932963385027e-05		4.954664816925129e-05	0.0423128375365407	0.0559381657830848	0.0493484615765743	0.0462765693900808	0.0459792895010653
43	HC_14_BB	0.0471607314725698	0.0564912843546145	0.063736498770185	0.0649663137632339	0.0603678750935729	0.0573200727194952	0.0566784301144263	0.0444604855095712	0.0459041813709764	0.0383648807614159	0.0296759704844402	0.0320821302534488	0.0233130146508395	0.0218693187894343	0.022002994332157	0.0202919473853064	0.0173510854454069	0.0118703881937761	0.0117901828681424	0.0061758100737889	0.0029141268313549397	0.0021655437921078	0.00037429151962357004	0.000133675542722703	0.000294086193989948	8.02053256336221e-05	2.67351085445407e-05		0.0458507111538873	0.0552347342530211	0.0499946529782911	0.0432574056250668	0.0434712864934232
63	HC_15_BB	0.0476190476190476	0.0597276581865623	0.0627853881278539	0.0648646444879322	0.0589530332681018	0.0546722113502935	0.0530821917808219	0.0408920417482061	0.0393020221787345	0.0369373776908023	0.0304142204827136	0.031841161121983	0.025807240704501	0.0230348988910633	0.0237687540769733	0.0205071754729289	0.0175309849967384	0.0104370515329419	0.0103147423352903	0.00631930854533594	0.00350619699934768	0.0026092628832354897	0.000326157860404436	0.000122309197651663	8.15394651011089e-05	0.000122309197651663	0.000122309197651663	8.15394651011089e-05	0.0465998043052838	0.0578930202217873	0.0531229615133725	0.0472521200260926	0.04676288323548599
49	HC_16_BB	0.0440859922072968	0.0553390915778862	0.0618511757172829	0.0583907795427918	0.0589629710362116	0.0514699871938094	0.0504345930628593	0.0425873954388164	0.0410343042423912	0.034930928312580004	0.027519686112095	0.0343314896051879	0.0287185635268794	0.0288547995967412	0.027519686112095	0.0241137843655486	0.0220429961036484	0.0151222037546661	0.0140050679817989	0.007084275632816541	0.0032424184627121897	0.00234326040162393	0.000299719353696085	0.000163483283834228	0.000163483283834228	2.72472139723713e-05	5.44944279447426e-05	5.44944279447426e-05	0.0462930165390589	0.0576278575515654	0.0493719517179368	0.0448489141985232	0.0444129587749653
13	HC_20_BB	0.0485521399456522	0.0546662703804348	0.0597401494565217	0.0568104619565217	0.05107846467391299	0.0533712635869565	0.0451766304347826	0.0360266644021739	0.0365149456521739	0.0325025475543478	0.029487941576087	0.0349014945652174	0.027046535326087	0.0285750679347826	0.0270889945652174	0.021781589673913	0.0191491168478261	0.0128439198369565	0.0119947350543478	0.00677224864130435	0.0035665760869565202	0.00309952445652174	0.0005519701086956519	0.000169836956521739	0.00019106657608695702	8.491847826086959e-05	0.000127377717391304		0.0509298573369565	0.0658118206521739	0.0582116168478261	0.05224609375	0.0473420516304348
3	HC_21_BB	0.0482658622356294	0.0581656972383794	0.0625489575173747	0.0625322911284812	0.0600156664055599	0.0558490691821803	0.0532657789036849	0.0450992483458609	0.0428992850119165	0.0369993833436109	0.0302161630639489	0.0323994600089998	0.0251995800069999	0.0242995950067499	0.0230996150064166	0.0213329777837036	0.0159164013933101	0.00993316778053699	0.0102331627806203	0.0060498991683471896	0.0027499541674305397	0.00214996416726388	0.00031666138897685	6.666555557407379e-05	0.00011666472225462901	1.66663888935184e-05		1.66663888935184e-05	0.0470492158464026	0.0585656905718238	0.0504991583473609	0.044749254179097	0.046999216679722
45	HC_22_BB	0.0504171200580341	0.0631120783460283	0.0619634868818764	0.0617216781525813	0.0577016080280498	0.0580643211219925	0.0515354854310241	0.0414097448917906	0.0408656752508766	0.033822996010156	0.0295913432474912	0.0318280739934712	0.0224277596421231	0.0207350985370572	0.0191028896143151	0.0177729416031919	0.014961915125136	0.0103977753596905	0.00912827953089107	0.00562205295611172	0.0028714786603796397	0.0024785394752750603	0.000302260911618909	0.000151130455809455	0.00018135654697134599	3.02260911618909e-05	6.0452182323781896e-05	3.02260911618909e-05	0.0500846330552533	0.0602708257768105	0.0556160077378793	0.049328980776206	0.0497521460524725
14	HC_23_BB	0.04332383665717	0.0527825261158595	0.0572079772079772	0.0567331433998101	0.0542830009496676	0.0522127255460589	0.047008547008547	0.0400949667616334	0.0384425451092118	0.0347388414055081	0.0328395061728395	0.0379297245963913	0.0331244064577398	0.0323076923076923	0.0354605887939221	0.0318898385565052	0.0232858499525166	0.017340930674264	0.0145489078822412	0.00830009496676163	0.0039696106362773	0.00265906932573599	7.597340930674259e-05	9.49667616334283e-05	3.7986704653371296e-05	1.89933523266857e-05	7.597340930674259e-05		0.0440835707502374	0.0544349477682811	0.0464387464387464	0.0414814814814815	0.0409496676163343
22	HC_24_BB	0.048470201997173	0.0584788655328074	0.0600747799917924	0.0627878345720669	0.0550590488349824	0.0531667502621859	0.0516620309151429	0.039761068806712006	0.036842825224568	0.031781496511787	0.028133692034107004	0.032465459851352	0.0279285030322375	0.0270621494687885	0.027540923806483996	0.024713875336282002	0.019196571063791003	0.0126533217819525	0.012083352332315	0.00581368838630249	0.003465414253796	0.00273585335826	0.0002963841138115	0.0001595914458985	0.00013679266791299997	9.11951119419999e-05	4.5597555971e-05	2.27987779855e-05	0.048196616661347	0.0579316948611554	0.0519584150289545	0.0483106105512745	0.0469426838721445
78	HC_30_BB	0.0481337611889883	0.0606316500591116	0.0579294038169228	0.0609694308393852	0.0591960817429488	0.0542138152339132	0.052271575747339996	0.0400270224624219	0.0423070427292687	0.0362269886843439	0.0325958452964026	0.0325958452964026	0.0260935652761358	0.0266846816416146	0.0251646681303834	0.0218713055227158	0.0176490457692957	0.0123289984799865	0.0112312109440973	0.005911163654788039	0.00329336260766762	0.0029555818273940197	0.000422225975342003		8.44451950684006e-05	0.000253335585205202			0.0451781793615943	0.0575916230366492	0.050582671845971997	0.0453470697517311	0.0483870967741935
51	HC_31_BB	0.049003375151245004	0.0575367764121505	0.0614850665477934	0.059351716232567	0.0544800356619754	0.0527924600394829	0.0451506081640451	0.0379226899318602	0.03855951092148	0.0324460294211297	0.0299305865121314	0.0326370757180157	0.0255046806342737	0.0250270648920588	0.024549449149844	0.0206330000636821	0.0160797299879004	0.0120359167038146	0.00964783799274024	0.00640005094567917	0.00270648920588423	0.0031522638986181	0.000159205247404954	9.55231484429727e-05	6.36820989619818e-05	6.36820989619818e-05	3.18410494809909e-05	6.36820989619818e-05	0.0505317455263325	0.070082149907661	0.0547029230083424	0.0508183149716615	0.0509775202190664
75	HC_32_BB	0.0439932318104907	0.0573343745932578	0.0646231940648184	0.0621502017441104	0.0610438630743199	0.0540804373291683	0.0546661460367044	0.0435376805935182	0.0404139008199922	0.0350123649616035	0.0331250813484316	0.034556813744631	0.0298060653390603	0.0268124430560979	0.027072758037225	0.0259664193674346	0.0232981908108812	0.0138617727450215	0.0135363790186125	0.008069764414942079	0.00436027593387999	0.00273330730183522	0.000390472471690746	0.000195236235845373	0.00013015749056358202	0.00013015749056358202		6.507874528179101e-05	0.0400234283483014	0.050436027593388	0.0428218143954185	0.0419107119614734	0.0440583105557725
71	HC_33_BB	0.0468549422336329	0.0562259306803594	0.065596919127086	0.0629011553273428	0.0594351732991014	0.0575738125802311	0.0537869062901155	0.0469833119383825	0.0426829268292683	0.0372272143774069	0.0329910141206675	0.0333119383825417	0.0310012836970475	0.0266367137355584	0.027599486521180997	0.0253530166880616	0.0195121951219512	0.0146341463414634	0.0132862644415918	0.0074454428754813905	0.0029525032092426197	0.00256739409499358	0.000128369704749679	0.000385109114249037	0.000192554557124519			6.41848523748395e-05	0.0338254172015404	0.04801026957638	0.0431322207958922	0.0406931964056483	0.0474326059050064
96	HC_34_BB	0.0496019595835885	0.0416411512553582	0.0704225352112676	0.063686466625842	0.0502143294549908	0.0502143294549908	0.0465401102265769	0.0324556031843233	0.033680342927127994	0.0244947948560931	0.0257195345988977	0.0269442743417024	0.0189834660134721	0.0226576852418861	0.0214329454990814	0.0128597672994489	0.0122473974280465	0.0067360685854256	0.0061236987140232705	0.00489895897121862	0.00244947948560931	0.00551132884262094		0.0006123698714023269					0.0649112063686467	0.0759338640538886	0.0771586037966932	0.0563380281690141	0.0624617268830374
36	HC_35_BB	0.0486125177233138	0.0622088312740531	0.0614745797042738	0.0637532914725542	0.0592465059752886	0.0569677942070083	0.053651002633178	0.0409661737897509	0.0383836337856998	0.0330919586793599	0.0296738910269394	0.030965161028965	0.0248379582742556	0.0237998784687057	0.0262558233745189	0.0222554182702046	0.017748632772939	0.0125835527648369	0.0120265343325906	0.00688677334413612	0.00384849098642901	0.0034180676524205	0.000278509216123152	0.000253190196475592	0.000151914117885355	0.000126595098237796	7.59570589426777e-05	2.5319019647559197e-05	0.0423080818310715	0.0564360947944096	0.0495493214502734	0.048308689487543	0.0479035851731821
60	HC_36_BB	0.0518192692055408	0.0620828027935332	0.06833352625689701	0.065439672801636	0.0593047034764826	0.0549446309372227	0.0520893621946985	0.041208473202917	0.0414013967666011	0.0310221090403982	0.0276652390322954	0.0312922020295559	0.0224948875255624	0.020912914303353	0.022996488791141002	0.0207199907396689	0.0170544430296716	0.0114210749700968	0.0114982443955705	0.00605779989967975	0.0027780993170505803	0.00347262414631323	0.00046301655284176397	0.000270092989157696	0.000192923563684068	3.85847127368137e-05	7.71694254736274e-05		0.0455299610294401	0.0592661187637458	0.053015395300382004	0.0458772234440715	0.0481923062082803
94	HC_37_BB	0.0424124513618677	0.0490272373540856	0.0614785992217899	0.0536964980544747	0.0486381322957198	0.0568093385214008	0.0459143968871595	0.032295719844358	0.0369649805447471	0.0307392996108949	0.0334630350194553	0.0365758754863813	0.0330739299610895	0.0272373540856031	0.0276264591439689	0.0311284046692607	0.0252918287937743	0.0151750972762646	0.0143968871595331	0.00622568093385214	0.00428015564202335	0.00583657587548638	0.000778210116731518		0.000389105058365759	0.000389105058365759	0.000389105058365759		0.0420233463035019	0.0684824902723735	0.0509727626459144	0.0521400778210117	0.0428015564202335
79	HC_38_BB	0.0420780799027799	0.049749354397690994	0.0537748746771988	0.0519519975694972	0.0526355764848853	0.0487619626310193	0.048989822269481995	0.0401032963694364	0.0368373082181376	0.0353941971745405	0.0363056357283913	0.039647577092511	0.0322801154488835	0.0363815889412122	0.0386601853258393	0.0337991797053015	0.0265836244873158	0.0198997417590764	0.0162539875436731	0.0130639526051952	0.005468631323104971	0.00288622208719429	0.000151906425641805		7.59532128209023e-05				0.0407868752848245	0.0508886525900046	0.0461036001822877	0.0426857056053471	0.0368373082181376
